"";"year";"y81";"price";"age";"nbh";"cbd";"area";"land";"dist";"PU";"PUHom";"Fyear";"Fage";"Fa";"Fl"
"1";1978;0;60000;48;4;3000;1660;4578;10700;13,1061598951507;2,56580629825513;1;0,865887748059206;0,776638875993114;7,59575371076404
"2";1978;0;40000;83;4;4000;2612;8370;11000;4,778972520908;1,33824277485954;1;0,779579973384702;1,03803687179724;4,41292119299499
"3";1978;0;34000;58;4;4000;1144;5000;11500;6,8;1,88463593224053;1;0,840296897658433;0,61198757575075;7,01626655691943
"4";1978;0;63900;11;4;4000;1136;10000;11900;6,39;2,88311131307159;1;0,967538559589032;0,609245151753122;3,75992415089357
"5";1978;0;44000;48;4;4000;1868;10000;12100;4,4;1,61354413887086;1;0,865887748059206;0,837589352222125;3,75992415089357
"6";1978;0;46000;78;4;3000;1780;9500;10000;4,8421052631579;1,91342984962353;1;0,791361815895585;0,812117279737992;3,93756593540976
"7";1978;0;56000;22;4;4000;1700;10878;11700;5,14800514800515;2,00069190038728;1;0,936130864291619;0,788564568200555;3,48565929591597
"8";1978;0;38500;78;4;3000;1556;3870;10200;9,94832041343669;1,90941077381061;1;0,791361815895585;0,745136931555933;8,83566447131317
"9";1978;0;60500;42;4;3000;1642;7000;10500;8,64285714285714;2,4524424443897;1;0,881614846783417;0,771238617662036;5,18311503744815
"10";1978;0;55000;41;4;3000;1443;7950;11000;6,91823899371069;2,38388176861246;1;0,884263662560822;0,710036053851926;4,62219930774025
"11";1978;0;39000;78;4;1000;1439;4990;8600;7,81563126252505;1,98240105141081;1;0,791361815895585;0,708775762517135;7,0289198788357
"12";1978;0;41000;38;0;6000;1482;8017;12200;5,11413246850443;1,72989743698114;1;0,892257955882409;0,722258730325815;4,58741878601752
"13";1978;0;50900;18;0;5000;1290;12538;12400;4,05965863774127;2,11368570123752;1;0,947432106501799;0,660887236184822;3,06742282601057
"14";1978;0;52000;32;0;9000;1274;7858;16800;6,61745991346399;2,3786302834627;1;0,908464016068707;0,655629344957936;4,67087518187762
"15";1978;0;49000;18;0;9000;1476;15664;17200;3,12819203268641;1,82563272531133;1;0,947432106501799;0,720385924389464;2,51053729264063
"16";1978;0;80000;58;4;2000;1838;9249;9900;8,64958373878257;3,07848889033366;1;0,840296897658433;0,828955226864947;4,03360886179608
"17";1978;0;50000;56;4;2000;1536;10491;10000;4,76598989610142;2,11850930959024;1;0,84535383468466;0,738993005419258;3,60117217338909
"18";1978;0;59000;70;4;2000;2458;9400;10000;6,27659574468085;1,95092076599016;1;0,810584245970189;0,99844087460327;3,97524605933485
"19";1978;0;42000;26;4;3000;750;8000;10600;5,25;2,64391213992903;1;0,92496442654354;0,467077727276394;4,59619129299346
"20";1978;0;71500;21;4;4000;2106;13370;11700;5,34779356768886;2,17525945435393;1;0,938943473689134;0,904405728600114;2,89508165529488
"21";1978;0;43000;24;4;4000;1000;8000;11700;5,375;2,2382037850123;1;0,930530895811206;0,561500244574868;4,59619129299346
"22";1978;0;48000;33;4;5000;1410;10370;12500;4,62873674059788;2,00737841343551;1;0,905742708023549;0,699600613841709;3,63896772079748
"23";1978;0;37500;128;2;14000;2346;43560;19600;0,860881542699725;1,30422524696913;1;0,681131427179549;0,969080544698786;1
"24";1978;0;59000;15;2;18000;1215;44867;24000;1,31499765974993;2,2209803109756;1;0,9559974818331;0,636031708926337;0,97374391204988
"25";1978;0;59000;7;2;18000;2128;44174;22200;1,33562729207226;1,51713647650951;1;0,97921896456946;0,910440961754138;0,987481640397855
"26";1978;0;94000;0;2;16000;2290;25250;21700;3,72277227722772;2,3882400273071;1;1;0,954211526722463;1,63359290966992
"27";1978;0;95920;0;2;17000;2464;48269;21700;1,98719675153825;2,17953203125498;1;1;1;0,911753864151297
"28";1978;0;95000;0;2;17000;2240;44916;21900;2,11505922165821;2,31097758168416;1;1;0,940824636829215;0,972787806212531
"29";1978;0;95900;0;2;17000;2464;50808;22000;1,88749803180601;2,1679352814043;1;1;1;0,870643163565
"30";1978;0;91000;1;2;16000;2240;53000;21600;1,71698113207547;2,18388076579937;1;0,997004495503373;0,940824636829215;0,8381674697142
"31";1978;0;96900;0;2;16000;2464;41463;21500;2,3370233702337;2,23552031546132;1;1;1;1,04540466667664
"32";1978;0;47000;104;4;2000;2576;12568;9400;3,73965626989179;1,62232079781959;1;0,731981528228315;1,02885766950246;3,06083225395122
"33";1978;0;68500;18;4;3000;1377;12877;10200;5,31956200978489;2,7209104489324;1;0,947432106501799;0,689076868698134;2,9946485269109
"34";1978;0;36000;188;0;9000;2071;9665;16100;3,72478013450595;1,88729637479242;1;0,568928791179124;0,894757223212582;3,87701437662201
"35";1978;0;90000;12;0;8000;2352;26890;15000;3,34696913350688;2,31562971357045;1;0,964640293483123;0,970666034109943;1,54364475628777
"36";1978;0;66900;178;0;10000;1750;12516;17100;5,34515819750719;3,69419172161404;1;0,586255252367222;0,803330582897105;3,07227498624922
"37";1978;0;44000;1;4;3000;1869;12500;6100;3,52;1,36995269799878;1;0,997004495503373;0,837876293091301;3,07581402062693
"38";1978;0;43500;48;4;2000;1490;5000;6600;8,7;1,9758884218373;1;0,865887748059206;0,724751564536525;7,01626655691943
"39";1978;0;40000;56;4;2000;1867;5000;6800;8;1,61087954411935;1;0,84535383468466;0,837302356048519;7,01626655691943
"40";1978;0;46000;3;4;3000;1261;10000;6000;4,6;1,89530798745908;1;0,991040378772884;0,651339783054791;3,75992415089357
"41";1978;0;48000;21;0;3000;1038;15431;10000;3,11062147624911;2,26395110264113;1;0,938943473689134;0,575064099507462;2,54462869243944
"42";1978;0;61000;12;4;4000;1800;13030;11200;4,6815042210284;2,00247248690681;1;0,964640293483123;0,817945472863519;2,96298265951925
"43";1978;0;55500;28;4;4000;1972;20089;11400;2,76270595848474;1,72666637314536;1;0,919431256095125;0,867142301052798;2,00685778304232
"44";1978;0;63000;23;0;6000;2089;16935;12100;3,72010628875111;1,89294812808311;1;0,933326680078203;0,899726581288781;2,34030469075056
"45";1978;0;32000;148;0;6000;1464;29129;12500;1,09856157094305;1,66367636895856;1;0,641465420827322;0,716632069159972;1,43643528923089
"46";1978;0;32000;25;0;7000;2112;12500;14000;2,56;0,990143006970818;1;0,927743486328553;0,906053942897646;3,07581402062693
"47";1978;0;82000;13;0;12000;1964;25182;18300;3,25629417838138;2,3905769739933;1;0,961750709146367;0,864889250048882;1,63756250703972
"48";1978;0;51000;18;0;14000;1166;45000;5200;1,13333333333333;1,98831285671269;1;0,947432106501799;0,619493882441338;0,971153370060463
"49";1978;0;83000;38;1;10000;3861;51062;8000;1,62547491285104;1,57674322800054;1;0,892257955882409;1,33302355249767;0,866744400890862
"50";1978;0;1e+05;10;0;14000;2252;44000;16000;2,27272727272727;2,50328770269407;1;0,970445533548508;0,944047218347127;0,990995483412834
"51";1978;0;131500;8;0;14000;2598;44000;16000;2,98863636363636;2,98610768427208;1;0,97628570975791;1,03447262774652;0,990995483412834
"52";1978;0;37500;21;0;17000;2276;43560;22100;0,860881542699725;0,964636641103561;1;0,938943473689134;0,950473897948922;1
"53";1978;0;49000;68;4;3000;1875;9790;6700;5,00510725229826;1,90749776292522;1;0,815462371187294;0,839596779163189;3,83243379645786
"54";1978;0;54000;13;4;4000;1570;8790;10700;6,14334470989761;2,0184943858821;1;0,961750709146367;0,749420773493652;4,22268899501576
"55";1978;0;56900;38;0;4000;2032;10993;5300;5,17602110433913;1,90068440111585;1;0,892257955882409;0,883936607214908;3,4528242948134
"56";1978;0;62000;22;0;4000;1318;20550;5700;3,01703163017032;2,44623990459818;1;0,936130864291619;0,670032413011478;1,96629393835258
"57";1978;0;48000;21;0;4000;1078;21800;5800;2,20183486238532;2,13477004262693;1;0,938943473689134;0,589150101324811;1,86452512394507
"58";1978;0;48000;56;4;4000;3460;11421;5900;4,20278434462832;1,19920811916499;1;0,84535383468466;1,24267812363358;3,3361484362876
"59";1978;0;53000;28;4;3000;1592;12700;6800;4,17322834645669;1,97971940343461;1;0,919431256095125;0,756124848227313;3,03218528014457
"60";1978;0;49000;54;4;4000;915;14000;7600;3,5;2,79318980736064;1;0,850441204540234;0,530468316794526;2,77756257520487
"61";1978;0;31000;28;4;5000;925;4585;11400;6,76117775354417;1,81488350562134;1;0,919431256095125;0,534171433102605;7,58531600011103
"62";1978;0;56900;14;0;4000;1421;21120;6800;2,69412878787879;2,08302268505044;1;0,958869780572485;0,703088767350756;1,91846800851022
"63";1978;0;34000;78;0;10000;990;1710;15600;19,8830409356725;2,44381685881282;1;0,791361815895585;0,557900145028801;18,4281858974695
"64";1978;0;98000;153;0;10000;3792;35942;16200;2,72661510210895;2,75424300306124;1;0,631915244899498;1,31772771443811;1,18887739099531
"65";1978;0;85500;3;0;12000;2544;26726;17700;3,19913193145252;2,03761151591447;1;0,991040378772884;1,02065953765012;1,55216725187061
"66";1978;0;122500;0;0;12000;2206;50094;18500;2,4454026430311;2,97660329815547;1;1;0,931660053872436;0,881803754642429
"67";1978;0;185000;189;1;14000;5078;132422;14500;1,39704882874447;4,21743430040951;1;0,567224562426887;1,588522152333;0,367633395477793
"68";1978;0;67500;5;1;17000;1358;44775;16700;1,50753768844221;2,29683471773356;1;0,985111939603063;0,6829765658723;0,975544419452831
"69";1978;0;120000;8;1;16000;2171;44064;16200;2,72331154684096;3,05636065990431;1;0,97628570975791;0,922172648095146;0,98969997035468
"70";1978;0;79000;1;1;19000;1998;43561;19900;1,81354881660201;2,08022373457742;1;0,997004495503373;0,874442101830297;0,999979339293564
"71";1978;0;77500;1;1;18000;1998;147668;19800;0,524825960939405;1,80619985565399;1;0,997004495503373;0,874442101830297;0,333289268683771
"72";1978;0;58000;26;1;20000;1356;544500;21000;0,106519742883379;1,63880748818303;1;0,92496442654354;0,682332646941139;0,102986663483618
"73";1978;0;61900;0;1;19000;1411;44431;20200;1,39317143435889;2,02626254973162;1;1;0,699918122531333;0,982339494117418
"74";1978;0;79900;2;1;19000;1540;46174;21000;1,73041105383982;2,47839486882443;1;0,994017964053935;0,740224083770539;0,948901941509828
"75";1978;0;62400;0;1;20000;1296;46609;20900;1,33879722800318;2,14655181592452;1;1;0,662852884850724;0,940927750607943
"76";1978;0;89500;1;1;22000;2240;43560;23000;2,05463728191001;2,19042993582916;1;0,997004495503373;0,940824636829215;1
"77";1978;0;89500;0;6;21000;2436;43560;23100;2,05463728191001;2,0697207453386;1;1;0,992712319542352;1
"78";1978;0;94900;0;6;22000;2384;43560;23200;2,17860422405877;2,22511463867458;1;1;0,97909751982778;1
"79";1978;0;85900;0;6;24000;1862;56392;27100;1,52326571144843;2,29908690215545;1;1;0,835866544202127;0,792653417063467
"80";1978;0;92900;0;6;24000;2036;49737;27000;1,86782475822828;2,37794029646874;1;1;0,885049833899012;0,887498149793364
"81";1978;0;84900;0;6;24000;2082;43958;27000;1,93138905318713;2,16893831074541;1;1;0,897795891971138;0,991847611361
"82";1978;0;85900;0;6;24000;1962;44465;26700;1,93185651636118;2,27685271807307;1;1;0,864325471404842;0,981663440185335
"83";1978;0;85900;0;6;24000;2286;43996;26600;1,95245022274752;2,06687411393017;1;1;0,953144474253767;0,991076571864581
"84";1978;0;97900;0;6;24000;2464;43560;26400;2,24747474747475;2,24747474747475;1;1;1;1
"85";1978;0;78400;0;6;24000;1862;45302;26300;1,73060792018012;2,14480739476514;1;1;0,835866544202127;0,965324760188753
"86";1978;0;91400;0;6;24000;2738;43995;27000;2,07750880781907;1,95938340630134;1;1;1,06981172598135;0,991096846166229
"87";1978;0;106500;0;6;25000;2240;43995;27100;2,42072962836686;2,59610055544874;1;1;0,940824636829215;0,991096846166229
"88";1978;0;109500;0;6;24000;2780;43995;27000;2,48891919536311;2,32464202022372;1;1;1,08028567981011;0,991096846166229
"89";1978;0;148000;1;1;14000;2781;43560;15600;3,39761248852158;3,1538290207024;1;0,997004495503373;1,08053436257147;1
"90";1978;0;75000;12;1;16000;1537;48352;17700;1,55112508272667;2,3892088321874;1;0,964640293483123;0,739300883098519;0,910345155866799
"91";1978;0;90400;1;1;14000;2796;43560;15600;2,0752984389348;1,91977223416773;1;0,997004495503373;1,08426074999612;1
"92";1978;0;125000;1;1;14000;2794;43995;15600;2,84123195817707;2,65313062917326;1;0,997004495503373;1,08376431490614;0,991096846166229
"93";1978;0;123000;158;6;22000;2872;104544;33300;1,17653810835629;3,76759066418634;1;0,622507252567689;1,10303168662076;0,45478892734079
"94";1978;0;63000;30;6;21000;1357;45302;25600;1,39066707871617;2,30905979251914;1;0,913931185271229;0,682654649113212;0,965324760188753
"95";1978;0;87500;188;6;21000;3256;44867;25300;1,95020839369693;2,94517015119467;1;0,568928791179124;1,19527535039313;0,97374391204988
"96";1978;0;73000;0;0;30000;2038;49223;33300;1,48304654328261;1,86933158249665;1;1;0,885606151957282;0,89583455966549
"97";1978;0;84900;0;0;25000;1924;44431;28100;1,91082802547771;2,27886608120795;1;1;0,853574029786498;0,982339494117418
"98";1978;0;80900;0;0;25000;2370;43560;27300;1,85720844811754;1,90402111084274;1;1;0,975413790078997;1
"99";1978;0;94000;0;0;25000;2036;51836;27200;1,81341152866734;2,39617149018167;1;1;0,885049833899012;0,855087880208601
"100";1978;0;74500;0;0;30000;1818;55321;33200;1,34668570705519;2,02860809572441;1;1;0,823170943624037;0,806451147520209
"101";1978;0;82500;1;5;33000;1986;50094;36700;1,64690382081686;2,1505151718904;1;0,997004495503373;0,871077239261333;0,881803754642429
"102";1978;0;86000;3;5;31000;1855;50965;34600;1,6874325517512;2,35185617830008;1;0,991040378772884;0,833854073503075;0,868228941075561
"103";1978;0;76900;1;5;30000;1836;46174;33300;1,66543942478451;2,12511250300382;1;0,997004495503373;0,828377821740851;0,948901941509828
"104";1978;0;75900;1;5;30000;1836;45738;33300;1,65945165945166;2,09946865679946;1;0,997004495503373;0,828377821740851;0,957038988760487
"105";1978;0;75500;0;5;30000;1820;46174;33300;1,63511933122536;2,09185934579457;1;1;0,823750399216181;0,948901941509828
"106";1978;0;75000;0;5;30000;1728;47916;33300;1,56523916854495;2,14020897829818;1;1;0,796852504894957;0,917796893433534
"107";1978;0;73900;0;5;30000;2092;47045;33300;1,57083643320225;1,86941008832574;1;1;0,900553306410668;0,933075869961187
"108";1978;0;83900;0;5;33000;2036;46174;36800;1,81703989258024;2,16359217504719;1;1;0,885049833899012;0,948901941509828
"109";1978;0;76900;1;5;33000;2400;43560;37100;1,7653810835629;1,80076154461396;1;0,997004495503373;0,983297974279117;1
"110";1978;0;84300;0;5;30000;2104;68689;33200;1,22727074204021;2,04578764181385;1;1;0,903855948303383;0,663713436161477
"111";1978;0;75900;0;5;30000;1928;157252;33300;0,482664767379747;1,79301790100566;1;1;0,854709337769103;0,314950660917575
"112";1978;0;87900;0;5;30000;2067;204296;33300;0,430258056936993;1,93471032756111;1;1;0,893650813010878;0,248854332917497
"113";1978;0;65000;13;2;26000;1360;43910;30100;1,4803006148941;2,26777812947697;1;0,961750709146367;0,683620143493487;0,992823368040685
"114";1978;0;90000;0;2;26000;1940;43996;30000;2,04564051277389;2,40535426552925;1;1;0,858110185456539;0,991076571864581
"115";1978;0;104500;5;2;26000;2816;43560;29900;2,3989898989899;2,23577445882799;1;0,985111939603063;1,0892180911765;1
"116";1978;0;63000;14;2;24000;1235;95832;28400;0,65740045078888;2,16887226880055;1;0,958869780572485;0,642712583049312;0,491835177190156
"117";1978;0;66100;5;2;27000;1388;46600;31000;1,41845493562232;2,20911840014694;1;0,985111939603063;0,692594770556153;0,941091300848003
"118";1978;0;60000;6;2;27000;1070;48834;31000;1,22865216857108;2,36462169427832;1;0,982161032358301;0,58634816113229;0,902254413187896
"119";1978;0;73000;4;2;27000;1390;46100;31000;1,58351409978308;2,43279657356705;1;0,988071712861931;0,693233309117321;0,95027269639242
"120";1978;0;83000;3;2;24000;2574;43996;28200;1,88653513955814;1,86778516810871;1;0,991040378772884;1,02834636440701;0,991076571864581
"121";1978;0;70500;1;5;28000;1232;45000;32300;1,56666666666667;2,52145291295678;1;0,997004495503373;0,641712948781452;0,971153370060463
"122";1978;0;120000;4;5;28000;2650;43996;32000;2,72752068369852;2,65855143748215;1;0,988071712861931;1,04767675702537;0,991076571864581
"123";1978;0;62500;12;5;31000;1978;44867;35700;1,3930059954978;1,70689991957712;1;0,964640293483123;0,868829930520192;0,97374391204988
"124";1978;0;65500;1;5;28000;1248;45000;32800;1,45555555555556;2,32336029755037;1;0,997004495503373;0,647034271215182;0,971153370060463
"125";1978;0;84900;9;5;27000;1716;45500;31300;1,86593406593407;2,51311525497824;1;0,973361241524337;0,793306497254084;0,961543257752684
"126";1978;0;63400;9;5;31000;1144;44431;35600;1,42693164682316;2,43851207634204;1;0,973361241524337;0,61198757575075;0,982339494117418
"127";1978;0;80000;2;5;30000;2450;44867;34500;1,78304767423719;1,8488757360854;1;0,994017964053935;0,996359907743873;0,97374391204988
"128";1978;0;86000;2;0;23000;2952;43996;28200;1,9547231566506;1,76749990465097;1;0,994017964053935;1,12259839194051;0,991076571864581
"129";1978;0;94376;0;0;23000;2800;69260;28400;1,36263355472134;1,90591331401407;1;1;1,08525323683757;0,658786734444584
"130";1978;0;90500;0;0;23000;2108;52272;28000;1,73132843587389;2,25431938498659;1;1;0,904955320969861;0,848666146789187
"131";1978;0;90500;2;0;24000;2208;54014;28400;1,67549153923057;2,19439737029469;1;0,994017964053935;0,932200548133188;0,823992726033225
"132";1978;0;84900;0;0;24000;1560;44864;28600;1,89238587731812;2,60368903637334;1;1;0,74636229717333;0,973802513596164
"133";1978;0;86000;2;0;24000;2248;49222;28300;1,747186217545;2,08070074356681;1;0,994017964053935;0,942973712939291;0,895850939542064
"134";1978;0;91500;6;2;22000;2284;44001;27800;2,07949819322288;2,24283643490523;1;0,982161032358301;0,952610695980278;0,99097521348832
"135";1978;0;89912;23;2;21000;2632;64904;27000;1,38530753112289;2,03725236696697;1;0,933326680078203;1,04311674260593;0,698449108417531
"136";1978;0;88000;23;2;21000;2632;64904;27000;1,35584863798841;1,99392971230863;1;0,933326680078203;1,04311674260593;0,698449108417531
"137";1978;0;73500;14;2;19000;1936;43996;25200;1,67060641876534;2,0513413212862;1;0,958869780572485;0,856977413224117;0,991076571864581
"138";1978;0;85000;8;2;21000;2004;44080;26700;1,92831215970962;2,27863236645051;1;0,97628570975791;0,876121804072243;0,989376650521225
"139";1978;0;87000;13;2;21000;1920;44260;26200;1,96565747853592;2,43228116273346;1;0,961750709146367;0,852437871774355;0,985754606737996
"140";1978;0;97000;5;2;20000;2136;44000;25800;2,20454545454545;2,47438372887289;1;0,985111939603063;0,912630016602948;0,990995483412834
"141";1978;0;72500;3;2;24000;2472;46422;29000;1,56175951057688;1,66530666392652;1;0,991040378772884;1,00207670949184;0,94433833808868
"142";1978;0;77000;4;2;24000;1792;45106;29000;1,7070899658582;2,18581534374785;1;0,988071712861931;0,81561700736701;0,969099121687034
"143";1978;0;85000;5;2;23000;2136;117176;28100;0,725404519696866;1,96596437332088;1;0,985111939603063;0,912630016602948;0,410415999004588
"144";1978;0;82000;4;2;20000;2016;44900;25800;1,82628062360802;2,15972164346791;1;0,988071712861931;0,879475787442134;0,973099786053372
"145";1978;0;93000;0;2;20000;2514;43996;26000;2,11382852986635;2,1056142958064;1;1;1,01294000787605;0,991076571864581
"146";1978;0;105000;0;2;20000;2432;43663;25600;2,40478208093809;2,43014519828538;1;1;0,991668766490739;0,997876670331262
"147";1978;0;106500;0;2;20000;2878;43560;25600;2,44490358126722;2,21357214734525;1;1;1,10450593815043;1
"148";1978;0;44900;15;3;26000;960;51690;31700;0,868639969046237;1,93760977419945;1;0,9559974818331;0,547020420349307;0,857261273434753
"149";1978;0;73000;11;0;19000;1868;56900;25900;1,2829525483304;2,01341416475584;1;0,967538559589032;0,837589352222125;0,78628147595255
"150";1978;0;46500;11;3;29000;1296;94961;35200;0,489674708564569;1,53969219456618;1;0,967538559589032;0,662852884850724;0,49589340499495
"151";1978;0;50000;13;3;29000;1668;43560;35700;1,14784205693297;1,53201916659687;1;0,961750709146367;0,779032218860766;1
"152";1978;0;90000;0;3;29000;2052;43560;35400;2,06611570247934;2,32279659362073;1;1;0,889494890837049;1
"153";1978;0;49500;1;0;33000;1100;38768;38600;1,27682624845233;1,93214800319303;1;0,997004495503373;0,596817114045022;1,11058812860035
"154";1978;0;57000;28;0;35000;1320;64033;40000;0,890166008152047;2,04182660091341;1;0,919431256095125;0,670682949728094;0,706993823265025
"155";1978;0;120000;9;0;11000;3030;47916;14800;2,50438266967193;2,45587820798552;1;0,973361241524337;1,14149294586718;0,917796893433534
"156";1978;0;83500;3;0;14000;1924;42688;18900;1,95605322338831;2,270619001856;1;0,991040378772884;0,853574029786498;1,01836591954273
"157";1978;0;3e+05;0;0;11000;3770;282704;15500;1,06118059878884;4,35111499656658;1;1;1,31282976270932;0,185772029613402
"158";1978;0;64900;3;0;12000;2856;29955;17700;2,16658320814555;1,42001238110373;1;0,991040378772884;1,0990949179307;1,40073729639353
"159";1978;0;50900;58;4;6000;930;8185;13400;6,21869273060477;3,06637335854438;1;0,840296897658433;0,536017583911761;4,50258861209593
"160";1978;0;60500;12;4;7000;1399;10000;13600;6,05;2,39628023150515;1;0,964640293483123;0,696102649929134;3,75992415089357
"161";1978;0;70400;3;4;6000;1342;8500;13500;8,28235294117647;2,83301434143488;1;0,991040378772884;0,677815599916811;4,35213191789972
"162";1978;0;48000;48;4;6000;1500;5153;11800;9,31496215796623;2,16444317797906;1;0,865887748059206;0,727860842084186;6,82849437134122
"163";1978;0;53500;25;0;10000;1333;11883;16800;4,50223007657999;2,2336387179841;1;0,927743486328553;0,674902824036524;3,21918248823689
"164";1978;0;66000;8;6;24000;1844;92783;26200;0,711337206169234;1,73222435951329;1;0,97628570975791;0,830686086716829;0,506357811745509
"165";1978;0;64000;8;6;24000;1764;86249;26000;0,74203758884161;1,74076244722899;1;0,97628570975791;0,807437734064979;0,540754848889154
"166";1978;0;65000;11;0;15000;2727;44867;21300;1,44872623531772;1,44106924399535;1;0,967538559589032;1,06705901198506;0,97374391204988
"167";1978;0;72900;10;0;14000;2080;25000;19700;2,916;2,03176181439948;1;0,970445533548508;0,897243837440128;1,6482879215025
"168";1978;0;26000;2;0;13000;2030;25120;19400;1,03503184713376;0,718208686299878;1;0,994017964053935;0,883379698062106;1,64119963767624
"169";1978;0;117000;0;0;14000;3030;32255;21000;3,62734459773678;2,42478837436208;1;1;1,14149294586718;1,31051423406149
"170";1978;0;97000;0;0;14000;2252;30894;20200;3,13976823978766;2,44124585637027;1;1;0,944047218347127;1,36236148090401
"171";1978;0;95000;2;0;13000;2238;25690;19800;3,69793694044375;2,45987747336902;1;0,994017964053935;0,940286936313773;1,60839009583734
"172";1978;0;107900;0;0;14000;2464;30945;20500;3,48683147519793;2,56320482547146;1;1;1;1,36034055513164
"173";1978;0;120000;0;0;14000;2464;31059;20900;3,86361441128175;2,84959680510235;1;1;1;1,35584599349766
"174";1978;0;120000;1;0;14000;2502;34666;21100;3,46160503086598;2,7993734998529;1;0,997004495503373;1,0098429204782;1,22819047384498
"175";1978;0;121000;0;0;14000;2510;31915;20900;3,79132069559768;2,83182016480017;1;1;1,01190823794055;1,3230727356287
"176";1978;0;107000;0;0;14000;2012;30800;20800;3,47402597402597;2,8951946489107;1;1;0,878358593577003;1,36610298133263
"177";1978;0;119900;0;0;14000;2352;31331;20500;3,82688072516038;2,93070996194176;1;1;0,970666034109943;1,34524768402145
"178";1978;0;142500;0;0;14000;2492;27248;20300;5,22974163241339;3,40378110595835;1;1;1,00725792736387;1,52537953839415
"179";1978;0;84211;0;0;14000;2756;27205;20200;3,09542363536115;1,88623683384426;1;1;1,07430759543198;1,52754926916231
"180";1981;1;49000;81;4;4000;1554;6790;11800;7,21649484536082;1,63486505157495;1,41906754859326;0,784271513771558;0,744523823542519;5,32716669993917
"181";1981;1;52000;71;4;3000;1575;3485;10100;14,9210903873745;1,78441608929692;1,41906754859326;0,80815613721649;0,750947380960253;9,70949359945609
"182";1981;1;68000;31;4;3000;3304;18731;10200;3,63034541668891;1,08874074436862;1,41906754859326;0,911193500296141;1,20652291443844;2,13734296716427
"183";1981;1;54000;41;4;3000;1700;7500;11200;7,2;1,49377931976795;1,41906754859326;0,884263662560822;0,788564568200555;4,87106524721818
"184";1981;1;70000;31;4;4000;1454;5500;11800;12,7272727272727;2,14228790230444;1,41906754859326;0,911193500296141;0,713495387570528;6,43950764944224
"185";1981;1;47000;81;4;3000;1410;4500;10200;10,4444444444444;1,73891290753435;1,41906754859326;0,784271513771558;0,699600613841709;7,71414542086665
"186";1981;1;73900;19;0;5000;1592;13068;13200;5,65503520048975;1,88800286198001;1,41906754859326;0,944594069366524;0,756124848227313;2,95522716855071
"187";1981;1;117500;1;0;9000;1910;15246;18200;7,70693952512134;2,4924801085027;1,41906754859326;0,997004495503373;0,84959374202434;2,57240153513222
"188";1981;1;60000;41;0;10000;735;10454;19000;5,73942988329826;2,7459031966139;1,41906754859326;0,884263662560822;0,461077411950173;3,61264126075286
"189";1981;1;85000;1;0;16000;1154;43560;23000;1,95133149678604;2,24114110959325;1,41906754859326;0,997004495503373;0,615405916754549;1
"190";1981;1;66479;26;0;9000;1104;15512;17000;4,28564981949458;2,1550649253323;1,41906754859326;0,92496442654354;0,598205162598234;2,53266685918643
"191";1981;1;70000;81;4;1000;1830;13939;9000;5,0218810531602;1,95752644341376;1,41906754859326;0,784271513771558;0,82664424615684;2,78849986430556
"192";1981;1;66500;41;4;3000;1166;9770;10500;6,80655066530194;2,28050608571379;1,41906754859326;0,884263662560822;0,619493882441338;3,83949385304452
"193";1981;1;91000;31;4;4000;2263;10019;11500;9,08274278870147;1,97614189074246;1,41906754859326;0,911193500296141;0,946995824897707;3,75350626451396
"194";1981;1;72500;31;4;4000;1482;12632;11900;5,73939202026599;2,01699689173532;1,41906754859326;0,911193500296141;0,722258730325815;3,04687178188075
"195";1981;1;67000;36;4;4000;970;11104;11900;6,03386167146974;2,51399638639913;1,41906754859326;0,897627596430436;0,550660417488715;3,42174448674754
"196";1981;1;68000;21;1;8000;1684;81273;5800;0,836686230359406;1,40437728949499;1,41906754859326;0,938943473689134;0,783806544845015;0,570462921940536
"197";1981;1;85000;18;2;18000;1080;52272;24100;1,62610958065504;2,41613173738332;1,41906754859326;0,947432106501799;0,589849415336129;0,848666146789187
"198";1981;1;106000;13;4;3000;1633;17728;10500;5,97924187725632;2,53824836505072;1,41906754859326;0,961750709146367;0,768530500622986;2,24587362660137
"199";1981;1;130000;24;4;4000;3208;17424;11500;7,46097337006428;2,09206741997548;1,41906754859326;0,930530895811206;1,18396793287324;2,2811088413887
"200";1981;1;119900;0;0;11000;2258;12500;18800;9,592;2,32387497569261;1,41906754859326;1;0,945656190324255;3,07581402062693
"201";1981;1;125000;1;0;12000;2016;12632;18900;9,89550348321723;2,61011501247073;1,41906754859326;0,997004495503373;0,879475787442134;3,04687178188075
"202";1981;1;118000;0;0;12000;1991;12632;18900;9,34135528815706;2,47626481460248;1,41906754859326;1;0,87248015235883;3,04687178188075
"203";1981;1;1e+05;0;0;12000;1746;13504;19000;7,40521327014218;2,2673227279292;1,41906754859326;1;0,802154941020642;2,86921371170974
"204";1981;1;128000;1;0;12000;2700;13504;19000;9,47867298578199;2,20222505166863;1,41906754859326;0,997004495503373;1,06028534521503;2,86921371170974
"205";1981;1;140000;0;0;11000;2302;13504;18800;10,3672985781991;2,65951403156763;1,41906754859326;1;0,957408665836094;2,86921371170974
"206";1981;1;143500;0;0;11000;2144;12806;18400;11,2056848352335;2,86810197834398;1,41906754859326;1;0,914816121897903;3,00958723543077
"207";1981;1;66500;59;4;2000;1867;5000;6800;13,3;1,90427779044802;1,41906754859326;0,837779784522995;0,837302356048519;7,01626655691943
"208";1981;1;50000;51;0;2000;1140;13945;7100;3,58551452133381;1,72991195880654;1,41906754859326;0,858129721811395;0,610617229782548;2,78742003474226
"209";1981;1;65000;25;0;4000;912;12005;11100;5,41441066222407;2,43568110694821;1,41906754859326;0,927743486328553;0,529354545051505;3,18972421969198
"210";1981;1;86000;20;0;7000;1425;19550;14000;4,39897698209719;2,27231130109604;1,41906754859326;0,941764533584249;0,704354774683262;2,05658658413674
"211";1981;1;120000;131;0;12000;3798;50045;19000;2,39784194225197;2,15018402555187;1,41906754859326;0,675028747586135;1,3190617424697;0,882580768179975
"212";1981;1;135000;0;0;11000;2252;34879;18300;3,87052381088907;2,36538313737617;1,41906754859326;1;0,944047218347127;1,22143809659371
"213";1981;1;135000;0;0;11000;2252;34879;18300;3,87052381088907;2,36538313737617;1,41906754859326;1;0,944047218347127;1,22143809659371
"214";1981;1;160000;0;0;12000;2836;37046;18500;4,31895481293527;2,40426183777699;1,41906754859326;1;1,09416277340145;1,15694281635989
"215";1981;1;168000;0;0;12000;2486;30808;18600;5,45312905738769;2,79762892280041;1,41906754859326;1;1,00570513901818;1,36578371136431
"216";1981;1;182095;0;0;12000;3074;25159;18500;7,23776779681227;2,70125826484377;1,41906754859326;1;1,15207412364419;1,63890977819447
"217";1981;1;175000;0;0;12000;3074;25265;18500;6,92657827033445;2,59491743237903;1,41906754859326;1;1,15207412364419;1,63271999618927
"218";1981;1;162000;0;0;11000;3232;25380;18400;6,38297872340426;2,32526302100161;1,41906754859326;1;1,18962919864809;1,62606022990351
"219";1981;1;189857;0;0;12000;3396;31412;18700;6,04409143002674;2,58443513547464;1,41906754859326;1;1,22791771798008;1,34212527181357
"220";1981;1;190508;0;0;12000;2464;37026;18900;5,14524928428672;3,13242286480554;1,41906754859326;1;1;1,15750524298885
"221";1981;1;234552;0;0;12000;3252;29671;19000;7,90509251457652;3,30139490028057;1,41906754859326;1;1,19433536823356;1,4127981539789
"222";1981;1;220000;0;0;12000;3040;29621;19000;7,42716316127072;3,23363884503249;1,41906754859326;1;1,14390258989376;1,41494428525287
"223";1981;1;175000;0;0;12000;3055;25265;18900;6,92657827033445;2,60523460784024;1,41906754859326;1;1,14751171270347;1,63271999618927
"224";1981;1;118000;11;0;13000;1731;14810;5000;7,96758946657664;2,75496441455586;1,41906754859326;0,967538559589032;0,797737620099704;2,64045962611757
"225";1981;1;155000;1;1;11000;2996;45738;8700;3,38886702523066;2,20845220326254;1,41906754859326;0,997004495503373;1,13327865113286;0,957038988760487
"226";1981;1;144000;0;1;11000;2464;46174;8600;3,118638194655;2,31601084978125;1,41906754859326;1;1;0,948901941509828
"227";1981;1;216000;0;1;10000;2548;46174;8800;4,6779572919825;3,40027676442315;1,41906754859326;1;1,02168632595448;0,948901941509828
"228";1981;1;124500;0;1;10000;3398;63260;9900;1,96806828959848;1,57957907008823;1,41906754859326;1;1,22838048833005;0,714764237924818
"229";1981;1;80000;0;1;10000;1988;65212;8100;1,22676807949457;1,42606279425921;1,41906754859326;1;0,871638556908612;0,695479472555933
"230";1981;1;1e+05;0;1;10000;5136;47916;8200;2,08698555805994;1,00142823564284;1,41906754859326;1;1,60011044223194;0,917796893433534
"231";1981;1;88000;81;4;3000;2327;35538;7800;2,47622263492599;1,92160953594207;1,41906754859326;0,784271513771558;0,96405016893244;1,20103426897
"232";1981;1;41000;41;4;3000;936;8276;6300;4,95408409859836;1,64539958788909;1,41906754859326;0,884263662560822;0,538228255088193;4,45800601562765
"233";1981;1;66000;121;4;7000;1674;54886;7600;1,2024924388733;1,92092797614368;1,41906754859326;0,695586433499097;0,780824514988092;0,812201263613072
"234";1981;1;74000;7;4;4000;1587;5957;9600;12,4223602484472;1,97673207047177;1,41906754859326;0,97921896456946;0,754604138849464;5,99313752894404
"235";1981;1;76900;1;0;4000;1531;3049;7200;25,2213840603477;2,20748243391952;1,41906754859326;0,997004495503373;0,737452533233124;10,9505870538895
"236";1981;1;132000;0;0;7000;2574;43757;12300;3,01666019151222;2,07561885727372;1,41906754859326;1;1,02834636440701;0,995947163254244
"237";1981;1;130000;0;0;6000;2644;35284;11900;3,68438952499717;2,05308126546059;1,41906754859326;1;1,04615799475122;1,20881280515823
"238";1981;1;75000;39;0;10000;1456;18215;16100;4,11748558880044;2,08389300959211;1,41906754859326;0,889585193163412;0,714123343634382;2,19175913820781
"239";1981;1;156500;2;0;10000;2464;31215;16000;5,01361524907897;2,63330777976363;1,41906754859326;0,994017964053935;1;1,34974609177712
"240";1981;1;140000;8;0;10000;2400;29226;16000;4,79025525217272;2,45531302759979;1,41906754859326;0,97628570975791;0,983297974279117;1,43214384886453
"241";1981;1;65000;81;0;11000;1760;32670;17300;1,98959289868381;1,71147985837446;1,41906754859326;0,784271513771558;0,80626546356742;1,2955222104841
"242";1981;1;150000;6;0;12000;3132;26136;17800;5,73921028466483;2,23011173508357;1,41906754859326;0,982161032358301;1,16593911405424;1,58366702750946
"243";1981;1;155000;2;0;13000;2688;28688;19000;5,40295593976576;2,48771489358787;1,41906754859326;0,994017964053935;1,0572670048431;1,45629325818454
"244";1981;1;153000;0;6;23000;2656;43996;24500;3,47758887171561;2,35674201243885;1,41906754859326;1;1,04919428186812;0,991076571864581
"245";1981;1;160000;0;6;23000;2738;43560;24600;3,67309458218549;2,41947806479882;1,41906754859326;1;1,06981172598135;1
"246";1981;1;148000;0;6;23000;2736;43560;24600;3,39761248852158;2,23906409781331;1,41906754859326;1;1,06931152907993;1
"247";1981;1;142000;0;6;23000;3726;43935;24500;3,2320473426653;1,76148826613067;1,41906754859326;1;1,30300287549288;0,992314908692338
"248";1981;1;162000;1;6;22000;2656;45302;24100;3,57600105955587;2,49556044144405;1,41906754859326;0,997004495503373;1,04919428186812;0,965324760188753
"249";1981;1;175500;0;6;22000;3284;43996;24000;3,98899899990908;2,35996566260977;1,41906754859326;1;1,20184362669717;0,991076571864581
"250";1981;1;194000;1;6;22000;3170;45302;23900;4,28237163922123;2,66859609129622;1,41906754859326;0,997004495503373;1,17497297463323;0,965324760188753
"251";1981;1;130500;0;6;24000;2330;43995;26800;2,96624616433686;2,18589998758592;1,41906754859326;1;0,964845419057284;0,991096846166229
"252";1981;1;73000;29;1;16000;1564;48787;17200;1,49630024391744;1,70385427054313;1,41906754859326;0,916677095633153;0,747586532204432;0,903036660998911
"253";1981;1;140000;0;1;16000;2248;49829;17100;2,8096088623091;2,36972570626154;1,41906754859326;1;0,942973712939291;0,88602327301064
"254";1981;1;82000;29;1;17000;1566;43996;18300;1,86380580052732;1,93222334811339;1,41906754859326;0,916677095633153;0,748198226979383;0,991076571864581
"255";1981;1;180000;2;1;15000;2744;77101;16500;2,334600070038;2,5827022447122;1,41906754859326;0,994017964053935;1,07131152810357;0,598170614419662
"256";1981;1;2e+05;0;1;16000;2470;64745;16600;3,08904162483589;3,10492575404174;1,41906754859326;1;1,00155775922826;0,699992637738522
"257";1981;1;52900;51;6;22000;1199;54450;25500;0,971533516988062;1,54641680221697;1,41906754859326;0,858129721811395;0,630658461417408;0,818052146050858
"258";1981;1;110000;17;6;21000;2204;45302;25200;2,42814886759966;2,0032836478696;1,41906754859326;0,950278670532427;0,931119383174945;0,965324760188753
"259";1981;1;68000;0;6;22000;2400;45738;25200;1,48672875945603;1,11330433104045;1,41906754859326;1;0,983297974279117;0,957038988760487
"260";1981;1;90000;2;6;22000;3152;51835;25000;1,73627857625157;1,22958537805832;1,41906754859326;0,994017964053935;1,1706986658056;0,855102726901953
"261";1981;1;102000;2;6;22000;3152;51835;25000;1,96778238641844;1,39353009513276;1,41906754859326;0,994017964053935;1,1706986658056;0,855102726901953
"262";1981;1;119600;0;6;22000;2701;48787;25300;2,45147272839076;1,80381889574624;1,41906754859326;1;1,06053665535936;0,903036660998911
"263";1981;1;113500;2;0;25000;2000;43569;28000;2,60506323303266;2,11102107767786;1,41906754859326;0,994017964053935;0,87500220408689;0,99981408607802
"264";1981;1;80500;11;2;27000;1286;44200;30900;1,82126696832579;2,03769438643125;1,41906754859326;0,967538559589032;0,659574974979605;0,986958840620668
"265";1981;1;75900;19;2;25000;1344;78408;29800;0,968013468013468;1,80656207696988;1,41906754859326;0,944594069366524;0,678461927327196;0,589189156452233
"266";1981;1;109000;2;2;23000;1232;49384;27000;2,20719261299206;2,72992479451322;1,41906754859326;0,994017964053935;0,641712948781452;0,893205618863752
"267";1981;1;160000;6;2;24000;4056;69465;27900;2,30331821780753;1,82829339905885;1,41906754859326;0,982161032358301;1,37572818660773;0,657036729307529
"268";1981;1;120000;8;2;25000;2364;43996;29300;2,72752068369852;2,03984190637039;1,41906754859326;0,97628570975791;0,973832651780932;0,991076571864581
"269";1981;1;135900;0;2;25000;2377;43560;29600;3,1198347107438;2,24967556336642;1,41906754859326;1;0,977256631290571;1
"270";1981;1;121000;6;5;27000;2706;43996;31800;2,75025002272934;1,87516488731924;1,41906754859326;0,982161032358301;1,0617927040172;0,991076571864581
"271";1981;1;85000;15;5;31000;1978;44867;35700;1,89448815387701;1,65064069479568;1,41906754859326;0,9559974818331;0,868829930520192;0,97374391204988
"272";1981;1;133000;3;5;28000;2756;43573;32100;3,05234893167787;2,02082053408875;1,41906754859326;0,991040378772884;1,07430759543198;0,999731481087972
"273";1981;1;143000;0;5;31000;2576;49223;35400;2,90514596834813;2,22116989001032;1,41906754859326;1;1,02885766950246;0,89583455966549
"274";1981;1;130000;2;5;32000;2528;45738;36800;2,8422755695483;2,07115201277016;1,41906754859326;0,994017964053935;1,01654655829734;0,957038988760487
"275";1981;1;135000;0;5;32000;2464;46609;36700;2,89643631058379;2,16922518161298;1,41906754859326;1;1;0,940927750607943
"276";1981;1;141000;2;5;31000;2920;43560;35000;3,23691460055096;2,05844356678173;1,41906754859326;0,994017964053935;1,11479490377485;1
"277";1981;1;125000;0;5;31000;2548;43560;35000;2,86960514233242;1,97925382245678;1,41906754859326;1;1,02168632595448;1
"278";1981;1;172900;0;0;24000;2580;53579;29100;3,22701058250434;2,66027674888767;1,41906754859326;1;1,02987985116987;0,830011177032994
"279";1981;1;177755;0;0;24000;2738;45973;28600;3,8665086028756;2,67351136584564;1,41906754859326;1;1,06981172598135;0,952634978205926
"280";1981;1;125000;0;0;25000;2208;45738;29500;2,73295727841182;2,15869253351434;1,41906754859326;1;0,932200548133188;0,957038988760487
"281";1981;1;173500;0;0;23000;2900;43560;28200;3,98301193755739;2,52885466555258;1,41906754859326;1;1,10990208802325;1
"282";1981;1;169000;0;0;23000;3292;43560;28100;3,87970615243343;2,2712844423097;1,41906754859326;1;1,20371656948789;1
"283";1981;1;167950;0;0;24000;2472;52708;28800;3,18642331334902;2,66016903301334;1,41906754859326;1;1,00207670949184;0,842345384266113
"284";1981;1;145000;0;0;23000;2569;43560;28600;3,3287419651056;2,28390526664643;1,41906754859326;1;1,02706747552674;1
"285";1981;1;159900;0;0;23000;2464;47480;28400;3,36773378264532;2,56457402987527;1,41906754859326;1;1;0,925378584641184
"286";1981;1;172267;0;0;23000;2826;46598;28300;3,69687540237778;2,53561364212996;1,41906754859326;1;1,0916920070322;0,941127653496321
"287";1981;1;156900;0;0;23000;2464;43908;28300;3,57338070511069;2,53621709424732;1,41906754859326;1;1;0,992864068550672
"288";1981;1;169900;0;0;23000;2832;43560;28100;3,90036730945822;2,51427519031685;1,41906754859326;1;1,0931748438233;1
"289";1981;1;129900;7;2;23000;2056;65340;28300;1,9880624426079;2,31389969675231;1,41906754859326;0,97921896456946;0,890604203040218;0,694253162661607
"290";1981;1;109900;26;2;21000;2632;64904;27000;1,69327006039689;1,77064071729281;1,41906754859326;0,92496442654354;1,04311674260593;0,698449108417531
"291";1981;1;120000;13;2;18000;2528;44431;24500;2,70081699714164;1,98171271133687;1,41906754859326;0,961750709146367;1,01654655829734;0,982339494117418
"292";1981;1;140000;7;2;22000;1800;44867;28100;3,12033342991508;2,81935011368185;1,41906754859326;0,97921896456946;0,817945472863519;0,97374391204988
"293";1981;1;83000;7;2;23000;1182;44247;28900;1,87583338983434;2,19079936343303;1,41906754859326;0,97921896456946;0,624921022594003;0,9860152607821
"294";1981;1;175000;0;2;21000;2738;59790;26600;2,92691085465797;2,56380911308243;1,41906754859326;1;1,06981172598135;0,751992286540221
"295";1981;1;117500;7;2;20000;2016;44900;25800;2,61692650334076;2,20053041921342;1,41906754859326;0,97921896456946;0,879475787442134;0,973099786053372
"296";1981;1;155500;0;2;20000;2610;44431;25800;3,49980869212937;2,41980158838215;1,41906754859326;1;1,03752811590659;0,982339494117418
"297";1981;1;158000;2;2;20000;2627;43560;25600;3,62718089990817;2,46812708379653;1,41906754859326;0,994017964053935;1,0418480815251;1
"298";1981;1;115000;7;0;20000;1848;46300;26500;2,48380129589633;2,27006641861014;1,41906754859326;0,97921896456946;0,831838867016051;0,946577532512405
"299";1981;1;133500;6;3;27000;2648;46609;33000;2,86425368491064;2,08570065609924;1,41906754859326;0,982161032358301;1,04717064061461;0,940927750607943
"300";1981;1;128000;4;3;26000;2464;43560;32700;2,93847566574839;2,09570699841552;1,41906754859326;0,988071712861931;1;1
"301";1981;1;105000;5;3;30000;1998;67954;36400;1,54516290431763;1,8861186161651;1,41906754859326;0,985111939603063;0,874442101830297;0,670170891719356
"302";1981;1;90000;16;0;33000;1549;44431;38900;2,02561274785623;2,05189449353853;1,41906754859326;0,953133787077505;0,742989809344158;0,982339494117418
"303";1981;1;270000;12;0;11000;3334;43560;15000;6,19834710743802;3,7312942157019;1,41906754859326;0,964640293483123;1,2135227734296;1
"304";1981;1;70000;26;0;13000;1526;28314;17600;2,47227519954793;1,73686427704793;1,41906754859326;0,92496442654354;0,73591024884162;1,47359445627463
"305";1981;1;98000;3;0;14000;1197;50965;18700;1,92288825664672;2,49974186957012;1,41906754859326;0,991040378772884;0,629984995705228;0,868228941075561
"306";1981;1;103900;1;0;12000;1836;35284;17400;2,94467747420927;2,07850002498231;1,41906754859326;0,997004495503373;0,828377821740851;1,20881280515823
"307";1981;1;101100;6;0;12000;2856;29955;17700;3,37506259389084;1,5729110790971;1,41906754859326;0,982161032358301;1,0990949179307;1,40073729639353
"308";1981;1;107900;1;0;12000;1836;35121;17600;3,07223598416902;2,15951897905069;1,41906754859326;0,997004495503373;0,828377821740851;1,2138608321911
"309";1981;1;62000;15;4;6000;1133;5000;13800;12,4;2,14189755966767;1,41906754859326;0,9559974818331;0,608214951575698;7,01626655691943
"310";1981;1;96750;1;4;6000;1242;23087;13400;4,19067007406766;2,5932666986367;1,41906754859326;0,997004495503373;0,645041669896536;1,770713634324
"311";1981;1;79500;36;4;6000;2216;10000;13400;7,95;1,77653671133761;1,41906754859326;0,897627596430436;0,934360765148147;3,75992415089357
"312";1981;1;97900;0;4;6000;1226;13068;13100;7,49158249158249;2,79251668010951;1,41906754859326;1;0,639711047270055;2,95522716855071
"313";1981;1;103900;0;4;6000;1910;20909;13200;4,96915203979148;2,12906423166149;1,41906754859326;1;0,84959374202434;1,93588318517504
"314";1981;1;70000;3;4;5000;1728;10938;12800;6,39970744194551;1,64646613949867;1,41906754859326;0,991040378772884;0,796852504894957;3,46844615536478
"315";1981;1;175000;26;0;10000;1842;29130;16900;6,00755235152764;3,83849966335858;1,41906754859326;0,92496442654354;0,830109359019132;1,43639090907369
"316";1981;1;80000;65;0;10000;2384;10000;17000;8;1,86109828050824;1,41906754859326;0,82283465805602;0,97909751982778;3,75992415089357
"317";1981;1;60000;25;0;10000;1388;7500;16900;8;1,80117474728057;1,41906754859326;0,927743486328553;0,692594770556153;4,87106524721818
"318";1981;1;144500;0;6;24000;3140;48787;25000;2,96185459241191;1,97911193849636;1,41906754859326;1;1,16784424393606;0,903036660998911
"319";1981;1;97000;20;0;15000;1296;44867;21300;2,16194530501259;2,50632506063776;1,41906754859326;0,941764533584249;0,662852884850724;0,97374391204988
"320";1981;1;95000;19;0;14000;1148;44182;20500;2,15019691276991;2,64885961995315;1,41906754859326;0,944594069366524;0,613356197888953;0,987320716669096
"321";1981;1;204080;0;0;13000;2261;45465;19400;4,48872759265369;3,47334772519156;1,41906754859326;1;0,946460099063072;0,962209428369746
